{"cameraMode":{"drawMode":0,"name":"Shaded","section":"Shading Mode"},"sceneLighting":false,"audioPlay":false,"sceneViewState":{"m_AlwaysRefresh":false,"showFog":true,"showSkybox":true,"showFlares":true,"showImageEffects":true,"showParticleSystems":true,"showVisualEffectGraphs":true,"m_FxEnabled":true},"in2DMode":false,"pivot":{"x":20.015213012695314,"y":1.6491698026657105,"z":-6.2354350090026859},"rotation":{"x":0.0007999904337339103,"y":-0.9937705397605896,"z":0.11136528849601746,"w":0.0071354275569319729},"size":9.735315322875977,"orthographic":false}